index,c5_unique_id,c119_text,"entity1, relation_type, entity2",Relation ,Entity ,Notes
2318,19990213001379A,"ACFT WAS TAXIING FOR TAKE OFF WHEN IT LOST CONTROL, RAN INTO A DITCH, AND STRUCK A TREE. OTHER CIRCUMSTANCES AE UNK","lost control, has effect, ran into a ditch                                                       lost control, has effect, struck a tree                                                                                                ran into a ditch, has cause, lost control                                                                   struck a tree, has cause, lost control","part of (P361)
has effect (P1542) 
has cause (P828)",lost control                          ran into a ditch     ,
354,19800217031649I,"AFTER TAKEOFF, ENGINE QUIT. WING FUEL TANK SUMPS WERE NOT DRAINED DURING PREFLIGHT BECAUSE THEY WERE FROZEN.       ","takeoff, followed by, engine quit                                                                         wing tanks not drained, has cause, frozen                                        frozen, has effect, wing tanks not drained                                                                                              wing tanks not drained, part-of, preflight                                               engine quit, has cause, wing tanks not drained                                                wing tanks not drained, has effect, engine quit","followed by (P156)
has cause (P828)
part of (P361)
has effect (P1542)",takeoff                                  engine quit                          wing tanks not drained                                       frozen                                                  ,
354,19800217031649I,"AFTER TAKEOFF, ENGINE QUIT. WING FUEL TANK SUMPS WERE NOT DRAINED DURING PREFLIGHT BECAUSE THEY WERE FROZEN.       ","takeoff, followed by, engine quit                                                                    wing tanks not drained, has cause, frozen                                           frozen, has effect, wing tanks not drained                                                                                           wing tanks not drained, part-of, preflight                                              engine quit, has cause, wing tanks not drained                                                                                wing tanks not drained, has effect, engine quit","followed by (P156)
has cause (P828)
part of (P361)
has effect (P1542)",takeoff                                  engine quit                          wing tanks not drained                                       frozen                                                  ,
284,19790720021329A,HELICOPTER TOOK OFF WITH SLING LOAD ATTACHED. CRASHED WHEN LOAD WEDGED IN TREES. IMPROPER PREFLIGHT.               ,"sling load, used by, helicopter                                                                                   sling load, has effect, crashed                                                       crashed, has cause, sling load                                                                                                                   improper preflight, has effect, crashed                                                     crashed, has cause, improper preflight                                        ","used by (P1535)
has effect (P1542)
has cause (P828) ",sling load                                 helicopter                                crashed                                     improper preflight                                                                                      ,
817,19841214074599I,WHILE TAXIING LOST NOSEWHEEL STEERING AND BRAKES. STRUCK 2 AIRCRAFT AND FENCE. CIRCUIT BREAKER HYDRAULIC PUMP OPEN.,"lost nosewheel steering and brakes, has effect, struck 2 aircraft                                struck 2 aircraft, has cause, lost nosewheel steering and brakes                                hydraulic pump, part-of, circuit breaker                                          struck fence, has cause, lost nosewheel steering and brakes                                  hydraulic pump open, has effect, lost nosewheel steering and brakes                                                            lost nosewheel steering and brakes, has cause, hydraulic pump open                                                                lost nosewheel steering and brakes, has effect, struck fence                                 lost nosewheel steering and brakes, has effect, struck 2 aircraft","has effect (P1542)
has cause (P828)
part of (P361)",lost nosewheel steering and brakes                                               struck 2 aircraft                                 struck fence                                   hydraulic pump open,
1024,19860128014289I,FORWARD CARGO DOOR OPENED AS AIRCRAFT TOOK OFF. OBJECTS DROPPED OUT. RETURNED. FAILED TO SEE WARNING LIGHT.        ,"forward cargo door, part-of, aircraft                                                                 forward cardo door opened, instance of, takeoff                                           objects dropped out, has cause, forward cargo door opened                       forward cargo door opened, has effect, objects dropped out","part of (P361)
instance of (P31)
has cause (P828)
has effect (P1542)",forward cargo door                    aircraft                                                      forward cargo door opened                takeoff                                                objects dropped out                                  ,should there be a relation with failed to see warning light??
2335,20000215010329A,"(-23) MR. TIMOTHY ALLEN WELLS WAS ACTING AS PILOT IN COMMAND OF A BELL HELICOPTER MODEL BHT-47-G5, N4754R, ENGAGED ","Mr. Timothy Allen Wells, facet of, pilot in command                       BHT-47-G5, instance of, helicopter model                                                                   ","facet of (P1269)
instance of (P31)",Mr. Timothy Allen Wells               Pilot In Command                        BHT-47-GH5                              helicopter model,
467,19801116083749I,FORCED LANDING AFTER ONE ENGINE QUIT;FOUND ICE IN AUXILIARY FUEL SYSTEM.                                           ,"engine quit, has effect, forced landing                                                          forced landing, has cause, engine quit                                                             ice, part-of, auxiliary system                                                                          ice in auxiliary system , has effect, forced landing                                          forced landing, has cause, ice in auxiliary system","has effect (P1542)
has cause (P828)
part of (P361)",engine quit                                   forced landing                                                           ice                                            ice in auxiliary system                    ,
856,19850315007389A,PILOT WAS DESCENDING TO LOWER ALTITUDE DUE TO ICING. LOST CONTROL. ALTIMETER NOT IFR CERTIFIED. ICING FORECAST.    ,"icing, has effect, lower altitude                                                             lower altitude, has cause, icing                                                                     lost control, has cause, altimeter not ifr certified                                          altimeter not ifr certified, has effect, lost control                                          lost control, has cause, altimeter not ifr certified               ","has effect (P1542)
has cause (P828)  ",icing                                         lower altitude                                    altimeter not ifr certified                      lost control,
2685,20070630826079I,(-23) AIRCRAFT DEPARTED RAY AIRPORT AND AFTER TAKEOFF INTO THE CLIMB AIRCRAFT ENGINE STARTED TO HAVE PROBLEMS. PILO,"aircraft, location, ray airport                                                                         problems, part of, engine                                                                               takeoff, followed by, climb                                                                                climb, followed by, problems","location (P276) 
part of (P361)
followed by (P156)",aircraft                                        ray airport                             problems                                      engine                                         takeoff                                         climb,
1457,19900425011659A,RAN OUT OF FUEL ON FERRY FLIGHT. LEFT PONTOON SEPARATED LANDING IN A POND. FUEL CAP NOT SECURED. FUEL SIPHONED.    ,"left pontoon, located in or next to body of water, pond                               fuel siphoned, has cause, fuel cap                                                         fuel cap, has effect, fuel siphoned                                                       ran out of fuel, part of, ferry flight","located in or next to body of water (P206)
has cause (P828)
has effect (P1542)
part of (P361)",left pontoon                             pond                                                fuel siphoned                                             fuel cap                                                          ran out of fuel                                                       ferry flight                                ,
2331,19991230042089A,"(.4)THE PILOT SAID THAT SHORTLY AFTER TAKEOFF, THE ENGINE 'STARTED CUTTING OUT AND WAS NOT DEVELOPING ENOUGH POWER ","takeoff, followed by, engine cutting out                                                            ",followed by (P156)  ,takeoff                                    engine cutting out,should there be a relation for the engine started cutting out and was not develeoping enough power
642,19820725041999I,"LOOSE COWLING ON TAKEOFF. COWLING CAME OFF ON RETURNING TO LAND. CRACKED WINDSHIELD, DENTED STABILIZER.            ","loose cowling, part of, takeoff                                                                  returning to land, followed by, cowling came off                                           cracked windshield, has cause, loose cowling                                           loose cowling, has effect, cracked windshield                                                       dented stabilizer, has cause, loose cowling                                                loose cowling, has effect, dented stabilizer","part of (P361)
followed by (P156)
has cause (P828)
has effect (P1542)",loose cowling                               takeoff                               returning to land                               cowling came off                             cracked windshield                           dented stabilizer,
1728,19940412011509I,AIRCRAFT POPPED OPEN ON DESCENT. FLIGHT MANUAL FLEW OUT AND STRUCK TRUCK WINDSHIELD ON GROUND. LANDED SAFELY.      ,"descent, followed by, aircraft popped open                                                  aircraft popped open, has effect, flight manual flew out                                    flight manual flew out, has cause, aircraft popped open                                                             flight manual flew out, has effect, struck truck windshield                                                               struck truck windshield, has cause, flight manual flew out","followed by (P156)
has effect (P1542)
has cause (P828)",descent                                       aircraft popped open                                                                                flight manual flew out                                                     struck truck windshield                 ,
2064,19971226042729I,NR2 ENGINE FIRE WHILE LOADING PASSENGERS AT GATE. EVACUATED. FUEL LEVER WAS IN FLIGHT IDLE. CUT OFF. SMOKE CLEARED.,"fuel lever, has effect, engine fire                                                                engine fire, has cause, fuel lever                                                                          cut off, followed by, smoke cleared                                                                          NR2, instance of, engine","has effect (P1542)
has cause (P828)
followed by (P156)
instance of (P31)",fuel lever                                     engine fire                                   cut off                                                 smoke cleared                                          NR2                                                      engine,
1867,19950619021589I,AFTER DEPARTING HIGH OIL TEMP. LANDED OFF AIRPOR. SHEARED MAIN GEAR. FOUND LOW ON OIL.                             ,"departing, followed by, high oil temp                                                        landed off airport, has effect, sheared main gear                           sheared main gear, has cause, landed off airport                                          low on oil, has effect, landed off airport                                                  landed off airport, has cause, low on oil","followed by (P156)
has effect (P1542)
has cause (P828) ",departing                                high oil temp                                     landed off airport                          low on oil                                 ,
1773,19940815046149I,BATTERY COMPARTMENT DOOR CAME OPEN. ANTENNA CRACKED WINDSHIELD.                                                    ,"antenna, has effect, cracked windshield                                                         cracked windshield, has cause, antenna                                                              antenna, part of, battery","has effect (P1542)
has cause (P828)
part of (P361)
",antenna                                    windsheild                           battery,
1006,19860228038269I,RETURNED WHEN NOSE GEAR FAILED TO RETRACT. FOUND THAT PIN HAD NOT BEEN REMOVED AFTER PREVIOUS MAINTENANCE.         ,"nose gear failed, has effect, returned                                                         returned, has cause, nose gear failed                                                        pin had not been removed, has effect, nose gear failed                                                             nose gear failed, has cause, pin had been removed","has effect (P1542)
has cause (P828)",nose gear failed                         returned                                          pin had not been removed,
289,19790718019229I,GROUND STAND BAGGAGE CART WITH INOPERATIVE BRAKES ROLLED INTO SIDE OF PARKED AIRCRAFT. 9 INCH TEAR IN FUSELAGE.    ,"inoperative brakes, part-of, ground stand baggage cart                              9 inch tear, part-of, fuselage",part of (P361),inoperative brakes                     ground stand baggage cart               9 inch tear                                      fuselage,
2352,20000625032189I,(-23)NORTHWEST AIRLINES DC-10 BOEING PUSHED BACK FOR REPOSITIONING OFF OF GATE B-52 STRUCK A CONTINENTAL AIRLINES D,"DC-10 boeing, owned by, northwest airlines",owned by (P127),DC-10 boeing                           northwest airlines,
1045,19860530030499A,ENGINE OVERHEAT. HOT OIL SMELL.KNEW HE HAD FAILED TO REMOVE AIR INTAKE PLUGS. NOSED OVER IN FURROWS PLOWED FAILED  ,"air intake plugs, has effect, engine overheat                                              engine overheat, has cause, air intake plugs                                             engine overheat, has effect, hot oil smell                                                 hot oil smell, has cause, engine overheat                                                                nosed over, location, furrows              ","has effect (P1542)
has cause (P828)
location (P276)",air intake plugs                        engine overheat                                         hot oil smell                                                nosed over                                               furrows,
656,19821117066379I,PILOT UNABLE TO PRESSURIZE. FOUND ACCESS DOOR SLIGHTLY OPEN. DEPRESSURIZED. DOOR OPENED FULLY. STOPPED BY FUSELAGE.,"access door slightly open, has effect, depressurized                                 depressurized, has cause, access door slighty opened                                                        stopped, has cause, fuselage                                                             fuselage, has effect, stopped","has cause (P828)
has effect (P1542)",access door slightly open         depressurized                                                  stopped                                                                    fuselage,
514,19810303007119A,VEERED OFF RUNWAY ON LANDING.  HIT PARKED AIRPLANE.  NEWLY INSTALLED CARPETING RESTRICTED RUDDER PEDAL MOVEMENT.   ,"landing, followed by, veered off runway                                                        veered off runway, has effect, hit parked airplane                                                          hit parked airplane,has cause, veered off runway                                                        carpeting, has effect, restricted rudder pedal movement                                                                        restricted rudder pedal movement, has cause, carpeting","followed by (P156)
has effect (P1542)
has cause (P828)",landing                                     veered off runway                     hit parked airplane                     carpeting                                    restricted rudder pedal movement,
2212,19950602032329I,VEERED OFF TAXIWAY. STRUCK TAXIWAY LIGHT. WAS ADVISED DAMAGED PROP. CONTINUED TO LIT.                              ,"veered off taxiway, has effect, struck taxiway light                                      struck taxiway light, has cause, veered off taxiway                                                damaged prop, follows, struck taxiway light                             ","has effect (P1542)
has cause (P828)
follows (P155)",veered off taxiway                    struck taxiway light                                               damaged prop,
1494,19901101064289I,FUEL CAP MISSING FROM RIGHT TANK AND GAS ESCAPING WHILE TAXIING. REPLACED CAP. RESUMED FLIGHT WITHOUT CLEANING WING,"fuel cap, part of, right tank                                                                       taxing, followed by, gas escaping                                                         fuel cap missing, has effect, gas escaping                                                gas escaping, has cause, fuel cap missing","part of (P361)
followed by (P156)
has effect (P1542)
has cause (P828)",fuel cap                                   right tank                                 taxiing                                       gas escaping                               fuel cap missing,
2600,20050713014239I,"(-23) ON JULY 13, 2005, AT 1535 MST, AN RAYTHEON AIRCRAFT CO. B36TC (BONANZA), N3042V REGISTERED TO HAVENS LEASING ","havens leasing, owner of, raytheon aricraft                                                           raytheon aircraft, owned by, havens leasing                            ","owner of (P1830)
owned by (P127)",havens leasing                       raytheon aircraft,point of time relation here? not sure how to implement this exactly
1037,19860706034879A,THE ENGINE LOST POWER ON TAKEOFF AND THE AIRCRAFT FLIPPED ON LANDING.PILOT HAD JUST FILLED TANKS. WATER IN FUEL.   ,"lost power, has effect, aircraft flipped                                                           aircraft flipped, has cause, lost power                                                   water, part of, fuel","has effect (P1542)
has cause (P828)
part of (P361)",lost power                                  aircraft flipped                                    water                                        fuel,
750,19840121015319I,ENGINE FAILED AFTER TAKEOFF. TRIED TO MAKE A ROAD BUT DRIFTED OFF THE EDGE. FOUND SOLID ICE IN CARBURETOR BOWL.    ,"takeoff, followed by, engine failed                                                           solid ice, part of, carburetor bowl","followed by (P156)
part of (P361)
",takeoff                                    engine failed                           solid ice                                   carburetor bowl,
1875,19950527014439A,LOST CONTROL ON CLIMBOUT AFTER TOW RELEASE. ROLLED BOTH WAYS. SPIRAL TO IMPACT. NEGLECTED TO CONNECT RIGHT AILERON.,"tow release, followed by, lost control                                                        right aileron, has effect, lost control                                                               lost control, has cause, right aileron",followed by                  has effect                   has cause,tow release                              lost control                                      right aileron                       ,should this be neglected to connect right aileron or just right aileron?
2243,19960322013629I,NARRATIVE: THE AIRCRAFT WAS BEING FERRIED FOR MAINTENANCE. THE GEAR BLOCKED DOWN AND THE NOSE BLOCK FELL OUT DURING,"gear, part of, aircraft                                                                                  nose block, part of, aircraft                                                                            gear blocked down, time period, ferried                                                        nose block fell out, time period, ferried",part of                         time period,gear                                       aircraft                                      gear blocked down                      ferried                                      nose block fell out,
1967,19960504009509A,FAILED TO DETACH TRAILER TIE DOWN FROM SKID. LOST CONTROL AND ROLLED ON LIFT OFF. (-23) PILOT FAILED TO FULLY DETAC,"trailer tie down, part of, skid                                                                       trailer tie down, has effect, lost control                                                                lost control, has cause, trailer tie down                                                      trailer tie down, has effect, rolled on lift off                                                rolled on lift off, has cause, trailer tie down                                          ",part of                         has effect                         has cause,trailer tie down                         skid                                               lost control                            rolled on lift off,
229,19790211002709A,AIRCRAFT FAILED TO LIFTOFF RUNWAY. RAN OFF END INTO SNOW BANK. FROST ON AIRFRAME.                                  ,"frost, part of, airframe                                                                                    failed to liftoff runway, has effect, ran off end                                                                         ran off end, has cause, failed to liftoff runway                                                                                                ",part of                                                  has effect                                     has cause,frost                                          airframe                                                       failed to liftoff runway                                                        ran off end,
891,19850418016709I,ENGINE POWER FAILURE WHILE DOING AEROBATICS. LANDED IN FIELD. PILOT DID NOT VISUALLY INSPECT FUEL TANKS.           ,"engine power failure, followed by, landed in field                                            engine power failure, has cause, fuel tanks                                                                                 fuel tanks, has effect, engine power failure",followed by                  has cause                               has effect,engine power failure                  landed in field                                 fuel tanks,should it be fuel tanks or pilot did not visually inspect fuel tanks as the entity? i think pilot did not visually inspect fuel tanks makes more sense but seems to be too much of a sentence to be classified as an entity
144,19780913017419I,ABORTED TAKEOFF WHEN FRONT BAGGAGE DOOR POPPED OPEN.                                                               ,"front baggage door popped open, has effect, aborted takeoff                      aborted takeoff, has cause, front baggage door popped open",has effect                     has cause,front baggage door popped open                                                   aborted takeoff,
178,19781113027039I,PILOT TAXIED INTO UNMARKED DITCH AT END OF TAXIWAY.                                                                ,,,,
1211,19870606018859A,UNABLE TO STAY AIRBORNE ON TAKEOFF. ABORTED AND GROUND LOOPED INTO A TREE TO AVOID OVERRUN. MAG SWITCH ON ONE MAG. ,"one mag, instance of, mag switch                                                                unable to stay airborne, has effect, aborted                                                     aborted, has cause, unable to stay airborne                                        ground looped, has cause, avoid overrun                                                           overrun, has effect, ground looped                         ",instance of                  has effect                                 has cause                         ,one mag                                   mag switch                                                  unable to stay airborne                            aborted                                                   ground looped                                      avoid overrun,
2210,19990714022959I,(-23) ACCORDING TO THE PILOT HE DEPARTED FRONT RANGE AIRPORT DURING THE HOURS OF DARKNESS. DURING THE START AND RUN,"departed, time period, hours of darkness                                                     pilot, work location, front range airport",time period                  work location,deaprted                                    hours of darkness                            pilot                                                front range airport,
1135,19870319012959I,NOSE GEAR WOULD NOT RETRACT AFTER TAKEOFF. RETURNED AND FOUND PIN WAS INSTALLED.                                   ,"takeoff, followed by, nose gear would not retract                                            pin was installed, has effect, nose gear would not retract                                       nose gear would not retract, has cause, pin was installed",followed by                  has effect                  has cause,takeoff                                         nose gear would not retract                                  pin was installed,
2592,20050504010229A,"(-23) A SIKORSKY S-70A, N160LA, ENCOUNTERED A VIBRATION AFTER THE APU DOOR STRUCK A MAIN ROTOR BLADE INFLIGHT NEAR ","rotor blade, has effect, vibration                                                        vibration, has cause, rotor blade                                                                           apu door, part of, sikorsky S-70A                                                                    rotor blade, part of, sikorsky S-70A            ",has effect                      has cause                          part of,rotor blade                                       vibration                                      apu door                                        sikorsky S-70A,
2598,20050429009279I,(-23) THE PILOT WAS TAXIING THE AIRCRAFT TO PARKING FOLLOWING A CARGO TRIP. UPON REACHING A POINT WHERE THE TAXIWAY,"cargo trip, followed by, taxiing ",followed by ,cargo trip                                           taxiing                             ,
1393,19890723054159I,AFTER LANDING IT WAS DETERMINED THERE WAS INSUFFICIENT NUMBER OF SEATS AND OXYGEN MASKS FOR PASSENGERS ONBOARD.    ,"landing, followed by, insufficient number of seats                                  landing, followed by, insufficient number of oxygen masks                                                           seats, used by, passengers                                                                 oxygen mask, used by, passengers                                                ",followed by                                       used by,landing                                     insufficient number of seats                                              insufficient number of oxygen masks                                                               oxygen mask                                                                  seats                                                                 passengers,
2030,19970523014439I,NARRATIVE: THE CARGO DOOR WAS LATCHED BEFORE TAKEOFF BY MR. BOWEN. RUNWAY CONDITIONS AT STEVEN'S VILLAGE WAS EXTREM,"cargo door, maintained by, mr. bowen                                                 cargo door latched, followed by, takeoff",maintained by            followed by,cargo door                                   mr.bowen                                     cargo door latched                         takeoff,
2051,19970908038069A,TIRED TAXI WITH TIEDOWN CHAINS ATTACHE. ROLLED OVER. PILOT FAILED NOTE RAMP PERSON TIED SKIDS DUE HIGH WIND.       ,"high wind, has effect, tied skids                                                              tied skids, has cause, high wind                                                                                  tiedown chains, has effect, rolled over                                                                 rolled over, has cause, tiedown chains                                                                    skids, maintained by, ramp person",has effect                      has cause                         maintained by,high wind                                    tied skids                                      tiedown chains                                                          rolled over                                                                  skids                                                                       ramp person,
160,19781108022239I,BAGGAGE CART WAS BLOWN INTO PARKED AIRCRAFT BY JET BLAST. BRAKES WERE INOPERATIVE ON CART.                         ,"brakes, part of, cart                                                                                    jet blast, has effect, baggage cart was blown                                              baggage cart was blown, has cause, jet blast",part of                         has effect                     has cause,brakes                                        cart                                         jet blast                                     baggage cart was blown               jet blast,
8,19760606015529A,SUFFICIENT OPPORTUNITY EXISTED TO RELEASE WHEN GLIDER ASSUMED NOSE HIGH ATTITUDE.                                  ,"release, influenced by, high attitude                                                          ",influenced by,release                                      high attitude,
2630,20051009024969I,(-23) ^PRIVACY DATA OMITTED^ HELICOPTER ENGINE POWER CHECKS WERE BEING CONDUCTED BY PILOT AND ONE CREWMEMBER. DURIN,"power checks, maintained by, pilot                                                          power checks, maintained by, crewmember",maintained by ,power checks                                               pilot                                                   crewmember,
1693,19930530020029I,PILOT LOST CONTROL OF AIRCRAFT ON TAKEOFF ROLL. PILOTS SEAT WAS NOT LOCKED IN POSITION AND SLID AFT ON ACCELARATION,"control of aircraft, maintained by, pilot                                                                      lost control, has cause, seat not locked in position                                                  seat not locked in position, has effect, lost control                                            ",maintained by             has cause                 has effect,control of aircraft                       pilot                                                      lost control                                         seat not locked into position  ,
495,19801230089799I,"FLAT NOSE STRUT FAILED TO EXTEND BEFORE RETRACTION. IT CAUGHT ON AIRPLANE STRUCTURE, BROKE THE BELLCRANK. COLLAPSED","failed to extend, has effect, broke bellcrank                                                 broke bellcrank, has cause, failed to extend                                           flat nose strut, part of, airplane structure                                                 retraction, follows, failed to extend",has effect                     has cause                                         part of                                        follows,failed to extend                         broke bellcrank                                                flat nose strut                                          airplane structure                                        retraction,
2299,19980508008619A,LOST POWER ENROUTE. NOSED OVER LANDING ON A SLOPE. NO EVIDENCE OF FUEL AT SCENE. FAILED TO VISUALLY CHECK FUEL.. (.,"lost power, time period, enroute                                                                                    lost power, has effect, nosed over landing                                                nosed over landing, has cause, lost power                                                            failed to visually check fuel, has effect, lost power                                                   lost power, has cause, failed to visually check fuel",time period                     has effect                has cause,lost power                                   enroute                                           nosed over landing                           failed to visually check fuel,
1772,19940818022409A,LOST LEFT ENGINE NEAR H71. FEATHERED. HIGH . BEGAN GO AROUND BELOW VMC. CRASHED. BAD OIL LEAK. CRACKED ENGINE CASE.,"lost left engine, location, H71                                                                    lost left engine, has effect, crashed                                               crashed, has cause, lost left engine                                                                      lost left engine, has cause, bad oil leak                                                     bad oil leak, has effect, lost left engine                                                                           lost left engine, has effect, cracked engine case                                                           cracked engine case, has cause, lost left engine",location                       has effect                                has cause,lost left engine                             H71                                                              crashed                                        bad oil leak                                          cracked engine case,
1612,19920405008919A,"ATTEMPTED TAKEOFF FROM 2500 FT SOD STRIP.GUSTY NORTH WIND,HIT TREES OFF END OF STRIP CRASHED.                      ","takeoff, location, 2500 ft sod strip                                                                   hit trees, has effect, crashed                                                                       crashed, has cause, hit trees ",location                      has effect                     has cause,takeoff                                          2500 ft sod strip                                                    hit trees                                                    crashed,
795,19840821046409A,CRASH OCCURRED DURING FORCED LANDING AFTER ENGINE FAILURE DURING TAKEOFF. AIRCRAFT HAD NOT HAD ANNUAL INSPECTION.  ,"forced landing, follows, engine failure                                                          engine failure, has effect, crash                                                                        crash, has cause, engine failure                                                                                                 aircraft had not had annual inspection, has cause, engine failure                                                                                                                                      engine failure, has effect, aircraft had not had annual inspection",follows                         has effect                           has cause                       ,forced landing                           engine failure                              crash                                              aircraft had not had annual inspection,
1887,19950216008379I,"NARRATIVE: THE PILOT OF CESSNA 207, N1549U STATED THAT AFTER TAKEOFF FROM THE BETHEL AIRPORT, THE ENGINE STOPPED RU","takeoff, location, bethel airport                                                                             takeoff, followed by, engine stopped",location                                          followed by,takeoff                                       bethel airport                                            engine stopped,
896,19850525020799A,TOUCHED DOWN LONG AND BOUNCED. ATTEMPTED DOWNWIND GO AROUND WITH FULL FLAPS. STRUCK TREE 3 MILES FROM AIRPORT.     ,"struck tree, location 3 miles from airport                                                    downwind go around, has effect, struck tree                                           struck tree, has cause, downwind go around",location                                           has cause                                                           has effect ,struck tree                                3 miles from airport                                             downwind go around,
1117,19861114075329I,ENTERED TCA WITHOUT ATC COMMUNICATION. PILOT WAS AWARE OF MALFUNCTIONING ENCODING ALTIMETER.                       ,"without atc communication, location, tca                                                       malfunctioning encoding altimeter, has effect, without atc communication                                                                              without atc communication, has cause, malfunctioning encoding altimeter",location                       has cause                            has effect,without atc comminication                  tca                                                      malfuctioning encoding altimeter,
2406,20010421009329I,"(-23)AIRCRAFT WAS IN CRUISE FLIGHT, THERE WAS A RPM LOSS AND PILOT COULD NOT MAINTAIN ALTITUDE. PILOT MADE AN EMERG","rpm loss, time period, cruise flight                                                                 could not maintain altitude, has cause, rpm loss                                                 rpm loss, has effect, could not maintain altitude",time period                                has cause                                has effect,rpm loss                                       cruise flight                                                             could not maintain altitude                                ,
1970,19960524045629A,NOSE BAGGAGE DOOR OPENED ON TAKEOFF. BAGGAGE HIT LEFT PROP. GOT BELWO UMC. LANDED ON SEA ICE. WILL FLY DOOR OPEN.  ,"nose baggage door opened, has effect, baggage hit left prop                                                          baggage hit left prop, has cause, nose baggage door opened ",has effect                         has cause,nose baggage door opened                                        baggage hit left prop             ,
1297,19871211075169A,ROUGH ENGINE ON CLIMBOUT. LANDED ON CITY STREET. SPARK PLUGS OUT OF TOLERENCE. FOUND PRIMER UNLOCKED.              ,"landed, located on street, city street                                                               tolerence, facet of, spark plugs                                                                     rough engine, has cause, primer unlocked                                                                                primer unlocked, has effect, rough engine",located on street                          facet of                             has cause                                               has effect,landed                                       city street                                                 tolerence                                             spark plugs                                               rough engine                                        primer unlocked,
2429,20010910029739I,"(-23) DURING TAXI OUT, CFI NOTICED NOSE LANDING GEAR GREEN LIGHT WAS OUT. SHE ATTEMPTED TO SWAP LIGHTS TO VERIFY TH","nose landing gear, maintained by, cfi                                                           green light, part of, nose landing gear                                                           green light was out, has effect, swap lights                                                      swap lights, has cause, green light was out",maintained by                 part of                                          has effect                                                     has cause,nose landing gear                     cfi                                              green light                                                         green light was out                                                            swap lights,
1240,19871027060859A,"ELECTRIC POWER LOST ON IFR DUAL FLIGHT. STRUCK POWER POLE ON FORCED LANDING, FOUND CIRCUIT BREAKER OFF. PILOT ERROR","electric power lost, time period, ifr dual flight                                                   pilot error, has effect, circuit breaker off                                                            cicuit breaker off, has cause, pilot error                                                                           pilot error, has effect, forced landing                                                           forced landing, has cause, pilot error                ",time period                    has effect                                has cause,electric power lost                                    ifr dual flight                                   pilot error                                                    circuit breaker off                                              forced landing,
2160,19980616023109I,LOUD BANG AND SHUDDER ENROUTE. SAW SPARKS AT ROTOR. RETURNED. ENGINE COWLING SEPERATED. COWL NOT FASTENED.         ,"loud bang, time period, enroute                                                                            shudder, time period, enroute                                                                        engine cowling separated, has cause, cowl not fastened                                                                   cowl not fastened, has effect, engine cowling separated",time period                 has cause                  has effect,loud bang                                       enroute                                         shudder                                        engine cowling separated                         cowl not fastened ,
1534,19910710026989A,REPORTED PROBLEM ON CLIMBOUT. STALLED AND CRASHED. NO LOCKING PINS IN SEAT TRACK. SEAT PIN BENT. BELT NOT FASTENED ,"repoorted problem, time period, climbout                                                   problem, cause of, stalled                                                                               problem, cause of, crashed                                                                        no locking pins in seat track, instance of, problem                                 seat pin bent, instance of, problem                                                           belt not fastened, instance of, problem",time period                   cause of                     instance of        ,reported problem                          climbout                                                        problem                                                     stalled                                                           crashed                                                        seat pin bent                                                   belt not fastened,
111,19780509032859I,FORCED LANDING AFTER POWER LOSS. FOUND WATER IN FUEL.                                                              ,"forced landing, follows, power loss                                                                water, part of, fuel",follows                         part of,forced landing                               power loss                                                 water                                             fuel,
384,19800506012169A,LOST CONTROL OF AIRPLANE ON TAKEOFF ROLL. FAILED TO REMOVE AILERON-ELEVATOR LOCK PIN.                              ,"lost control, time period, takeoff roll                                                              aileron-elevator lock pin, has effect, lost control                                                       lost control, has cause, aileron-elevator lock pin",time period                 has cause                                    has effect,lost control                                    takeoff roll                                                           aileron-elevator lock pin,
334,19791128035159A,"PILOT LANDED TO WAIT OUT RAIN SHOWER. ON CLIMBOUT, ENGINE RAN ROUGH. PILOT LANDED IN FIELD. CLAIMS WATER IN FUEL.  ","engine ran rough, time period, climbout                                                       landed, time period, rain shower                                                                       engine ran rough, has effect, pilot landed in field                                                          pilot landed in field, has cause, engine ran rough                                                                                      water, part of, fuel                                                                                                    water in fuel, has effect, engine ran rough                                                              engine ran rough, has cause, water in fuel",time period                                               has effect                                                   has cause                                                  part of                               ,engine ran rough                            climbout                                        landed                                               rain shower                                                    pilot landed in field                                                       water                                                      fuel                                             water in fuel,
2650,20060621012279A,"(-23) THE PILOT ^PRIVACY DA^ STATED THAT DURING TAKEOFF (AT ROTATION) HIS SEAT SLID BACK, CAUSING HIM TO OVERROTATE","seat slid back, time period, takeoff                                                                seat slid back, has effect, overrotate                                                     overrotate, has cause, seat slid back",time period                 has effect                       has cause ,seat slid back                                  takeoff                                            overrotate,
1846,19950314029269I,"NARRATIVE: ON MARCH 14, 1995, N7016M, AN AMATEUR BUILT AIRCRAFT, MADE AN EMERGENCY OFF AIRPORT LANDING NEAR THE BLO","emergecy off airport landing, time period, march 14 1995                                                                              aircraft, designed by, amateur",time period                   designed by,emergency off airport landing                                              march 14 1995                                                        aircraft                                               amateur,
410,19800804037399A,EARLY FUEL EXHAUSTION FROM FUEL SIPHONING FROM IMPROPERLY SECURED VENT CAP. OVERSHOT EMERGENCY LANDING AREA.       ,"fuel siphoning, has effect, early fuel exhaustion                                            early fuel exhaustion, has cause, fuel siphoning                                                                                                       improperly secured vent cap, has effect, fuel siphoning                                                                                                       fuel siphoning, has cause, imporperly secured vent cap",has cause                   has effect   ,fuel siphoning                                  early fuel exhaustion                                   improperly secured vent cap,
74,19780402008409I,TAXIING AIRCRAFT STRUCK PARKED AIRCRAFT. FOUND WORN OUT & INEFFECTIVE BRAKES AS CAUSE.                             ,"worn out & ineffective brakes, has effect, taxiing aircraft struck parked aircraft                                                                                                                               taxiing aircraft struck parked aircraft, has cause, worn out and ineffective brakes",has cause                 has effect,worn out & ineffective brakes                                                                      taxiing aircraft struck parked aircraft,
1406,19890725041869I,ON ENGINE START PILOTS SEAT WENT TO FULL AFT POSITION. PUSH THROTTLE IN FULL. AIRCRAFT COLLIDED WITH PARKED PLANE. ,"full aft position, time period, engine start                                                           push throttle, has effect, aircraft collided with parked plane                                                          aircraft collided with parked plane, has cause, push throttle",time period                                    has effect                    has cause,full aft position                                engine start                           push throttle                                                          aircraft collided with parked plane                                ,
1583,19911222062669I,AFTER LIFTOFF PILOT NOTICED RIGHT FUEL CAP MISSING. ABORTED. LANDED ON SAME RUNWAY. RAN OFF SIDE OF RUNWAY.        ,"right fuel cap missing, follows, liftoff                                                                right fuel cap missing, has effect, aborted                                              aborted, has cause, right fuel cap missing                                                                                                 landed, location, same runway                   ",follows                           has effect                          has cause                       location,right fuel cap missing                     liftoff                                  aborted                                                         landed                                                           same runway,
2494,20030607012509A,"(-23) THE AIRCRAFT DEPARTED BARTLESVILLE MUNICIPAL AIRPORT (BVO) BARTLESVILLE, OK AT 1147 AM LOCAL TIME FOR A LOCAL","departed, location, bartlesville municipal airport                                                           bartlesville municipal airport, located in the administrative territorial entity, bartlesville OK                                                                              departed, time period, 1147 AM ",location                       located in the administrative territorial entity                                          time period,"departed                                       bartlesville municipal airport                               bartlesville, OK                                 1147 AM",
466,19801005072789I,PILOT RAN OFF END OF RUNWAY WHEN REMAINING BRAKE FAILED.                                                           ,"brake failed, has effect, ran off end                                                             ran off end, has cause, brake failed",has effect                                          has cause,brake failed                                    ran off end,
165,19781210024199I,WHEELS LOCKED UP AFTER SEVERAL TOUCH AND GO LANDINGS DUE TO SNOW PACKED IN THE WHEEL PANTS.                        ,"snow, part of, wheel pants                                                                          wheels locked up, follows, touch and go landings                                                         snow, has effect, wheels locked up                                                            wheels locked up, has cause, snow",part of                           follows                        has effect                                 has cause,snow                                                   wheel pants                                     wheels locked up                           touch and go landings                       ,
1882,19950804028629A,LOST POWER LANDED HARD IN ROUGH WATER. DAMAGED FLOATS AND LONGERON. WATER IN FUEL. MISREAD WATER IN SUMP TO BE FUEL,"landed, location, rough water                                                                     lost power, has effect, landed hard                                                                                    landed hard, has cause, lost power                                                                                                                         landed hard, has effect, damaged floats                                                              landed hard, has effect, damaged longeron                                                                     damaged floats, has cause, landed hard                                                                                               damaged longeron, has cause, landed hard                                                                       water, part of, fuel ",location                       has effect                                   has cause                      part of,landed                                      rough water                                 lost power                                     landed hard                                  damaged floats                                  damaged longeron                        water                                          fuel,
2544,20040304003309I,"(-23) AFTER NORMAL TOUCHDOWN THE AIRCRAFT STARTED SLIDING OR HYDROPLANING TOWARD LEFT SIDE OF RUNWAY, AIRCRAFT STRU","sliding, follows, normal touchdown                                                                 sliding, location, left side of runway                                                       hydroplaning, follows, normal touchdown                                                             hydroplaning, location, left side of runway",follows                        location,sliding                                            normal touchdown                             left side of runway                                    hydroplaning,
85,19780427013859I,ENGINE COWLING SEPARATED FROM ENGINE IN FLIGHT.                                                                    ,"engine cowling, part of, engine                                                                      engine cowling separated, time period, flight",part of                           time period ,engine cowling                               engine                                             engine cowling separated                    flight,
2676,20070202001609A,"(-23) ON A FLIGHT FROM NOTH PLATTE, NE, TO IOWA CITY, IA, (487 STATUTE MILES) THE AIRCRAFT LOST POWER NEAR GRINNELL","flight, location, noth platter NE                                                                    flight, event distance, 487 statute miles                                                                  flight, location, iowa city IA                                                                         lost power, location, grinnell",location                        event distance,flight                                               noth platter NE                                   487 statute miles                           iowa city IA                                     lost power                                      grinnell,
155,19780916024019A,TIE DOWN STRAP ACROSS LEFT SKID CAUGHT ON TRAILER AND TETHERED HEPER.                                              ,"tie down strap, part of, left skid                                                                       caught on trailer, has effect, tehtered heaper                                                            tethered heaper, has cause, caught on trailer  ",part of                           has effect                       has cause,tie down strap                                 left skid                                           caught on trailer                             tethered heaper,
2642,20060718018299I,(-23) THE PILOT IN COMMAND (PIC) FAILED TO ENSURE ALL FUEL TANK CAPS WERE SECURELY FASTENED PRIOR TO DEPARTURE. SUB,"fuel tank caps, maintained by, pilot in command                                 ensure all fuel tank caps, followed by, departure                                                                         ",maintained by                                    followed by,fuel tank caps                                pilot in command                                ensure all fuel tank caps                                                  departure,
2566,20040925025079A,(-23) FUEL CONTAMINATION IN AIRFRAME FUEL FILTER AS WELL AS IN FUEL FILTER AND ENGINE DRIVEN FUEL PUMP FILTER. THE ,"fuel contanimation, part of, airframe fuel filter                                                      fuel contamination, part of, fuel filter                                                   fuel contanimation, part of, engine driven fuel pump filter ",part of,fuel contamination                           airframe fuel filter                              fuel filter                                    engine driven fuel filter,
2264,19961027033759A,PRIOR DEMO FLIGHT. CONNECTING ROD BENT BY HYDRO LOCK IN NR5 CYL ON STARTUP. BROKE. HIT COUNTER WT. BROKE PORP SHAFT,"hydro lock, part of, NR5 cyl                                                                    connecting rod bent, has cause, hydro lock                                             hit counter weight, has effect, broke porp shaft                         ",part of                       has cause                           has effect,hydro lock                                      NR5 cyl                                        connecting rod bent                         hit counter weight                            broke porp shaft,
1151,19870309039779I,"WHILE TAXIING, THE AIRCRAFT STRUCK N106DA WHICH WAS PARKED.  PILOT WAS UNAWARE OF BRAKE PROBLEMS ON THE AIRCRAFT.  ","N106DA, instance of, aircraft                                                                     brake problems, part of, aircraft                                                                  brake problems, has effect, aircraft struck N106DA",instance of                   part of                          has effect,N106DA                                        aircraft                                        brake problems                             aircraft struck N106DA,
2458,20020619014309A,"(-23) N759TY, CE-182 WAS EN ROUTE FROM HOT SPRINGS, ARKANSAS TO FAYETTEVILLE, TENNESSEE, WHEN THE AIRCRAFT ENGINE Q","N759TY, CE-182, location, hot springs arkansas                                             N759TY, CE-182, location, fayetteville tennessee                                                               N759TY, CE-182, instance of, aircraft",location                                    instance of,"N759TY, CE-182                                                            hot springs arkansas                                                fayetteville tennessee                                                  aircraft",
1940,19951031041599A,ON CLIMBOUT NOSE BAGGAGE DOOR OPENED. REDUCED POWER. STALLED. ROLLED. DIVED INTO OCEAN. TEST FLIGHT FROM STORAGE.  ,"nose baggage door opened, time period, climbout                                          ",time period,nose baggage door opened            climbout,
914,19850729066139I,ELEVATOR CONTROL JAMMED SHEN HARNESS CAUGHT ON ELEVATOR CABLE. STICK BOOT NOT FASTENED TO FLOOR. LANDED IN A FIELD.,"elevator control jammed, has cause, harness caught on elevator cable                                          landed, location, field                                   ",has cause                   location,elevator control jammed                             harness caught on elevator cable                                          landed                                                    field,
1724,19940226003029A,LOST POWER EN ROUTE. LANDED ON PRIVATE STRIP. NOSED OVER. LEFT FUEL CAP LEAKED. PREVENTED GRAVITY FUEL FLOW.       ,"lost power, time period, enroute                                                                  landed, location, private strip                                                               prevented gravity fuel flow, has cause, left fuel cap leaked                                                    left fuel cap leaked, has effect, prevented gravity fuel flow",time period                     location                         has cause                              has effect,lost power                                    enroute                                          landed                                            private strip                                      prevented gravity fuel flow                   left fuel cap leaked,
50,19780111000459A,ACFT DISPATCHER HARRASSMENT OF PILOT. PILOT FORGOT TO REMOVE TIEDROPE.                                             ,"tiedrope, maintained by, pilot                                                                         dispatcher, conflict, pilot",maintained by              conflict,tiedrope                                        pilot                                    dispatcher,
2403,20010411006739I,"(-23) THE HELICOPTER WAS IDLING ON THE HELIPAD, AND THE RPM CONTROL WAS BROUGHT UP TO FLY POSITION FOR THE TAKEOFF.","helicopter, location, helipad                                                                        fly position, used by, takeoff                         ",location                       used by,helicopter                                            helipad                                             fly position                                               takeoff,
1263,19870816062719I,"A COPPER TUBE, USED TO HOLD AERIAL BANNERS, FELL THROUGH THE ROOF OF A HOUSE. LOCAL OPERATOR IS BEING MONITORED.   ","copper tube, used by, aerial banners                                                     ",used by,copper tube                                      aerial banners ,
2099,19980620030289I,"MR. KADERA THEN ATTEMPTED TO LAND IN A FIELD BUT WAS FORCED TO LAND ON HIGHWAY 93. THREE MILES EAST OF SUNMER, IOWA","land, location, highway 93                                                                        highway 93, location, 3 miles east of sunmer, iowa",location,"land                                                  highway 93                                     3 miles east                                                   sunmer, iowa","not sure if we should separate 3 miles east and sunmer, iowa"
2218,19990923027739A,"(.19) ON SEPTEMBER 23, 1999, AT 1900 HOURS PACIFIC DAYLIGHT TIME, A HOMEBUILT CIERNIA GLASAIR III, N153JC, EXPERIEN","septermber 23, 1999, time period, 1900 hours                                                                   ",time period,"september 23, 1999                                  1900 hours",
2296,19980415037339I,(-5)NOSE BAGGAGE CARGO CONSISTING OF A WOODEN WHEEL CHOCK SHIFTED DURING FLIGHT AND JAMMED THE NOSE LANDING GEAR ME,"wooden wheel chock, part of, nose baggage cargo                                         wooden wheel chock shifted, time period, flight                                                               wooden wheel chock shifted, has effect, jammed the nose landing gear                                                                                                   jammed the nose landing gear, has cause, wooden wheel chock shifted",part of                           time period                               has effect                                       has cause,wooden wheel chock                    mose baggage cargo                           wooden wheel chock shifted                 jammed the nose landing gear                     ,
1920,19950826026019A,"EXPLOSION LIFTING LOGS. PITCHED UP, ROLLED. COMPRESSOR STALL NR1 ENGINE. FAILED RELEASE LOGS AND USE SE PROCEDURES.","explosion, time period, lifting logs                                                               failed release logs, has effect, pitched up                                                                                       failed release logs, has effect, rollled                                                                                                                   failed to use se procedures, has effect, compressor stall nr1 engine                                                compressor stall nr1 engine, has cause, failed to use se procedures                                           rolled, has cause, failed release logs                                                        pitched up, has cause, failed release logs                                                                  ",time period                  has effect                             has cause                            ,explosion                                      lifting logs                                       failed release logs                      pitched up                               rolled                                          compressor stall nr1 engine                                                  failed to use se procedures                                                                                           ,
2334,20000215041409A,"(.19) ON FEBRUARY 19, 2000, AT 1825 EASTERN STANDARD TIME, A BEECH 1900D, N81SK, OPERATED AS SKYWAY AIRLINE FLIGHT ","feburary 19, 2000, time period, 1825 eastern standard time                      beech 1900D, N81sk, instance of, skyway airline flight ",time period                           instance of ,"february 19, 2000                             1825 eastern standard time                   beech 1900D, N81sk                       skyway airline flight ",
1033,19860514036219I,GROUND LOOPED ON LANDING. TAILWHEEL WAS FOUND JAMMED FAR RIGHT.                                                    ,"ground looped, time period, landing                                                            tailwheel, loaction, far right",time period                  location,ground looped                            landing                                                  tailwheel                                              far right,
1311,19880527016939A,ENGINE QUIT ON INITIAL CLIMBOUT. CRASH LANDED AVOIDING TREES. FOUND SELECTED FUEL TANK EMPTY. TRIP WAS TO GET FUEL.,"engine quit, time period, intial climbout                                                               engine quit, has effect, crash landed                                                      crash landed, has cause, engine quit                                                        trip, has cause, get fuel",time period                   has effect                     has cause          ,engine quit                                   intial climbout                                  crash landed                                            trip                                             get fuel ,
2245,19960418007829A,CRASHED AND BURNED. (.4)WITNESSES REPORTED THAT AFTER DEPARTURE FROM A GRASS RUNWAY. THE AIRPLANE REACHED AN ALTITU,"witnesses, location, grass runway                                                              crashed, time period, after departure                                                      burned, time period, after departure",location                        time period,witnesses                                      grass runway                                                          crashed                                                              after departure                                                 burned,
2045,19970828026989A,LOUD POP ON TAKEOFF ROLL. LOST RUDDER CONTROL. EXITED RWY INTO CORNFIELD. HAD FAILED TO LOCK THE TAILWHEEL. (-23) M,"loud pop, time period, takeoff roll                                                                lost rudder control, has effect, loud pop                                                 exited rwy, location, cornfield                                                                         failed to lock tailwheel, has effect, lost rudder control                                           lost rudder control, has cause, failed to lock the tailwheel",time period                 has effect                                      location                                      has cause,loud pop                                    takeoff roll                                                        lost rudder control                                    exited rwy                                               cornfield                                                 failed to lock tailwheel                         ,
1210,19870523018729A,"CANOPY CAME OPEN ON CLIMBOUT CAUSING AN UNCONTROLLED GROUND COLLISION, NO DEFECTS REPORTED. APPEARS PILOT ERROR.   ","canopy came open, time period, climbout                                                      canopy came open, has effect, ground collision                               ground collision, has cause, canopy came open                                               pilot error, has effect, canopy came open                                                                                 canopy came open, has cause, pilot error",time period                     has effect                      has cause                                   ,canopy came open                       climbout                            ground collision                                                       canopy came open                                                 pilot error                                                 ,
2488,20030620012809I,(-23) PILOT FAILED TO ASSURE THE OIL FILLER CAP WAS SECURE AND TOOK OFF. OIL WAS OBSERVED COMING OUT OF THE ENGINE ,"oil filler cap, maintained by, pilot                                                                 oil, part of, engine",maintained by           part of ,oil filler cap                                  pilot                                                         oil                                                 engine,